"","rodada","casa","placar","fora","ano"
"1","1","SAO","2 x 0","BOT","2019"
"2","1","ATL","2 x 1","AVA","2019"
"3","1","CHA","2 x 0","INT","2019"
"4","1","FLA","3 x 1","CRU","2019"
"5","1","GRE","1 x 2","SAN","2019"
"6","1","CEA","4 x 0","CSA","2019"
"7","1","BAH","3 x 2","COR","2019"
"8","1","ATH","4 x 1","VAS","2019"
"9","1","PAL","4 x 0","FOR","2019"
"10","1","FLU","0 x 1","GOI","2019"
"11","2","COR","1 x 0","CHA","2019"
"12","2","CSA","1 x 1","PAL","2019"
"13","2","INT","2 x 1","FLA","2019"
"14","2","CRU","1 x 0","CEA","2019"
"15","2","AVA","1 x 1","GRE","2019"
"16","2","FOR","2 x 1","ATH","2019"
"17","2","VAS","1 x 2","ATL","2019"
"18","2","GOI","1 x 2","SAO","2019"
"19","2","SAN","2 x 1","FLU","2019"
"20","2","BOT","3 x 2","BAH","2019"
"21","3","VAS","1 x 1","COR","2019"
"22","3","PAL","1 x 0","INT","2019"
"23","3","CEA","1 x 2","ATL","2019"
"24","3","CHA","1 x 1","ATH","2019"
"25","3","SAO","1 x 1","FLA","2019"
"26","3","CRU","2 x 1","GOI","2019"
"27","3","BOT","1 x 0","FOR","2019"
"28","3","CSA","0 x 0","SAN","2019"
"29","3","BAH","1 x 0","AVA","2019"
"30","3","GRE","4 x 5","FLU","2019"
"31","4","FLU","0 x 1","BOT","2019"
"32","4","COR","0 x 0","GRE","2019"
"33","4","GOI","2 x 1","CEA","2019"
"34","4","FLA","2 x 1","CHA","2019"
"35","4","SAN","3 x 0","VAS","2019"
"36","4","ATL","0 x 2","PAL","2019"
"37","4","INT","3 x 1","CRU","2019"
"38","4","FOR","0 x 1","SAO","2019"
"39","4","AVA","0 x 0","CSA","2019"
"40","4","ATH","1 x 0","BAH","2019"
"41","5","FLU","4 x 1","CRU","2019"
"42","5","ATL","2 x 1","FLA","2019"
"43","5","PAL","4 x 0","SAN","2019"
"44","5","SAO","0 x 0","BAH","2019"
"45","5","ATH","0 x 2","COR","2019"
"46","5","CHA","1 x 3","FOR","2019"
"47","5","GOI","1 x 0","BOT","2019"
"48","5","INT","2 x 0","CSA","2019"
"49","5","VAS","1 x 1","AVA","2019"
"50","5","CEA","2 x 1","GRE","2019"
"51","6","BOT","0 x 1","PAL","2019"
"52","6","GRE","1 x 0","ATL","2019"
"53","6","SAN","0 x 0","INT","2019"
"54","6","FLA","3 x 2","ATH","2019"
"55","6","CRU","1 x 2","CHA","2019"
"56","6","FOR","1 x 1","VAS","2019"
"57","6","COR","1 x 0","SAO","2019"
"58","6","BAH","3 x 2","FLU","2019"
"59","6","AVA","1 x 2","CEA","2019"
"60","6","CSA","1 x 0","GOI","2019"
"61","7","FLA","2 x 0","FOR","2019"
"62","7","BAH","1 x 0","GRE","2019"
"63","7","BOT","1 x 0","VAS","2019"
"64","7","ATH","3 x 0","FLU","2019"
"65","7","CEA","0 x 1","SAN","2019"
"66","7","SAO","1 x 1","CRU","2019"
"67","7","INT","2 x 0","AVA","2019"
"68","7","CHA","1 x 2","PAL","2019"
"69","7","ATL","4 x 0","CSA","2019"
"70","7","COR","2 x 0","GOI","2019"
"71","8","VAS","2 x 1","INT","2019"
"72","8","PAL","1 x 0","ATH","2019"
"73","8","GRE","1 x 0","FOR","2019"
"74","8","CRU","0 x 0","COR","2019"
"75","8","CEA","0 x 0","BAH","2019"
"76","8","AVA","0 x 0","SAO","2019"
"77","8","SAN","3 x 1","ATL","2019"
"78","8","FLU","0 x 0","FLA","2019"
"79","8","CSA","1 x 2","BOT","2019"
"80","8","GOI","3 x 1","CHA","2019"
"81","9","BOT","0 x 1","GRE","2019"
"82","9","FOR","2 x 1","CRU","2019"
"83","9","SAN","1 x 0","COR","2019"
"84","9","INT","3 x 1","BAH","2019"
"85","9","CSA","0 x 2","FLA","2019"
"86","9","VAS","1 x 0","CEA","2019"
"87","9","PAL","2 x 0","AVA","2019"
"88","9","CHA","1 x 1","FLU","2019"
"89","9","GOI","2 x 1","ATH","2019"
"90","9","ATL","1 x 1","SAO","2019"
"91","10","GRE","2 x 1","VAS","2019"
"92","10","FOR","2 x 0","AVA","2019"
"93","10","BAH","0 x 1","SAN","2019"
"94","10","SAO","1 x 1","PAL","2019"
"95","10","FLA","6 x 1","GOI","2019"
"96","10","CRU","0 x 0","BOT","2019"
"97","10","COR","1 x 0","CSA","2019"
"98","10","ATH","1 x 0","INT","2019"
"99","10","CHA","1 x 2","ATL","2019"
"100","10","FLU","1 x 1","CEA","2019"
"101","11","VAS","2 x 1","FLU","2019"
"102","11","BAH","0 x 0","CRU","2019"
"103","11","INT","1 x 1","GRE","2019"
"104","11","CEA","2 x 0","PAL","2019"
"105","11","CSA","0 x 4","ATH","2019"
"106","11","BOT","0 x 1","SAN","2019"
"107","11","ATL","2 x 2","FOR","2019"
"108","11","COR","1 x 1","FLA","2019"
"109","11","AVA","0 x 0","GOI","2019"
"110","11","SAO","4 x 0","CHA","2019"
"111","12","PAL","1 x 1","VAS","2019"
"112","12","FLU","1 x 2","SAO","2019"
"113","12","CRU","0 x 2","ATH","2019"
"114","12","INT","1 x 0","CEA","2019"
"115","12","CHA","0 x 0","BAH","2019"
"116","12","SAN","3 x 1","AVA","2019"
"117","12","FLA","3 x 2","BOT","2019"
"118","12","FOR","1 x 3","COR","2019"
"119","12","GOI","0 x 0","ATL","2019"
"120","12","CSA","0 x 0","GRE","2019"
"121","13","CEA","2 x 1","FOR","2019"
"122","13","FLU","2 x 1","INT","2019"
"123","13","SAN","6 x 1","GOI","2019"
"124","13","BAH","3 x 0","FLA","2019"
"125","13","AVA","0 x 2","BOT","2019"
"126","13","ATL","2 x 0","CRU","2019"
"127","13","VAS","0 x 0","CSA","2019"
"128","13","COR","1 x 1","PAL","2019"
"129","13","GRE","3 x 3","CHA","2019"
"130","13","ATH","0 x 1","SAO","2019"
"131","14","CEA","4 x 1","CHA","2019"
"132","14","SAO","3 x 2","SAN","2019"
"133","14","FLA","3 x 1","GRE","2019"
"134","14","ATL","2 x 1","FLU","2019"
"135","14","INT","0 x 0","COR","2019"
"136","14","PAL","2 x 2","BAH","2019"
"137","14","BOT","2 x 1","ATH","2019"
"138","14","AVA","2 x 2","CRU","2019"
"139","14","GOI","0 x 1","VAS","2019"
"140","14","CSA","0 x 2","FOR","2019"
"141","15","FOR","0 x 1","INT","2019"
"142","15","COR","2 x 0","BOT","2019"
"143","15","VAS","1 x 4","FLA","2019"
"144","15","ATH","1 x 0","ATL","2019"
"145","15","GRE","1 x 1","PAL","2019"
"146","15","BAH","1 x 1","GOI","2019"
"147","15","FLU","0 x 1","CSA","2019"
"148","15","SAO","1 x 0","CEA","2019"
"149","15","CRU","2 x 0","SAN","2019"
"150","15","CHA","1 x 0","AVA","2019"
"151","16","ATL","0 x 1","BAH","2019"
"152","16","GRE","2 x 1","ATH","2019"
"153","16","SAN","3 x 3","FOR","2019"
"154","16","VAS","2 x 0","SAO","2019"
"155","16","GOI","2 x 1","INT","2019"
"156","16","CEA","0 x 3","FLA","2019"
"157","16","AVA","1 x 1","COR","2019"
"158","16","CSA","1 x 1","CRU","2019"
"159","16","BOT","0 x 0","CHA","2019"
"160","16","PAL","3 x 0","FLU","2019"
"161","17","SAO","0 x 0","GRE","2019"
"162","17","BAH","1 x 0","CSA","2019"
"163","17","CHA","0 x 1","SAN","2019"
"164","17","ATH","1 x 0","CEA","2019"
"165","17","INT","3 x 2","BOT","2019"
"166","17","FOR","2 x 0","GOI","2019"
"167","17","FLA","3 x 0","PAL","2019"
"168","17","COR","1 x 0","ATL","2019"
"169","17","CRU","1 x 0","VAS","2019"
"170","17","FLU","0 x 1","AVA","2019"
"171","18","COR","2 x 2","CEA","2019"
"172","18","VAS","0 x 2","BAH","2019"
"173","18","FOR","0 x 1","FLU","2019"
"174","18","AVA","0 x 3","FLA","2019"
"175","18","INT","1 x 0","SAO","2019"
"176","18","GOI","1 x 2","PAL","2019"
"177","18","CRU","1 x 4","GRE","2019"
"178","18","BOT","2 x 1","ATL","2019"
"179","18","SAN","1 x 1","ATH","2019"
"180","18","CSA","2 x 0","CHA","2019"
"181","19","FLA","1 x 0","SAN","2019"
"182","19","PAL","1 x 0","CRU","2019"
"183","19","CHA","1 x 2","VAS","2019"
"184","19","CEA","0 x 0","BOT","2019"
"185","19","ATL","1 x 3","INT","2019"
"186","19","ATH","0 x 1","AVA","2019"
"187","19","GRE","3 x 0","GOI","2019"
"188","19","FLU","1 x 0","COR","2019"
"189","19","BAH","1 x 1","FOR","2019"
"190","19","SAO","1 x 1","CSA","2019"
"191","20","BOT","1 x 2","SAO","2019"
"192","20","CRU","1 x 2","FLA","2019"
"193","20","COR","2 x 1","BAH","2019"
"194","20","SAN","0 x 3","GRE","2019"
"195","20","INT","1 x 0","CHA","2019"
"196","20","VAS","1 x 1","ATH","2019"
"197","20","CSA","1 x 0","CEA","2019"
"198","20","FOR","0 x 1","PAL","2019"
"199","20","GOI","3 x 0","FLU","2019"
"200","20","AVA","1 x 0","ATL","2019"
"201","21","CEA","0 x 0","CRU","2019"
"202","21","BAH","2 x 0","BOT","2019"
"203","21","SAO","0 x 1","GOI","2019"
"204","21","FLA","3 x 1","INT","2019"
"205","21","PAL","6 x 2","CSA","2019"
"206","21","GRE","6 x 1","AVA","2019"
"207","21","FLU","1 x 1","SAN","2019"
"208","21","ATH","4 x 1","FOR","2019"
"209","21","CHA","0 x 1","COR","2019"
"210","21","ATL","1 x 2","VAS","2019"
"211","22","FLA","0 x 0","SAO","2019"
"212","22","COR","1 x 0","VAS","2019"
"213","22","SAN","2 x 0","CSA","2019"
"214","22","INT","1 x 1","PAL","2019"
"215","22","FLU","2 x 1","GRE","2019"
"216","22","ATL","2 x 1","CEA","2019"
"217","22","ATH","1 x 1","CHA","2019"
"218","22","GOI","1 x 0","CRU","2019"
"219","22","FOR","1 x 0","BOT","2019"
"220","22","AVA","0 x 2","BAH","2019"
"221","23","SAO","2 x 1","FOR","2019"
"222","23","VAS","0 x 1","SAN","2019"
"223","23","BAH","1 x 2","ATH","2019"
"224","23","GRE","0 x 0","COR","2019"
"225","23","CRU","1 x 1","INT","2019"
"226","23","CHA","0 x 1","FLA","2019"
"227","23","CEA","0 x 1","GOI","2019"
"228","23","PAL","1 x 1","ATL","2019"
"229","23","BOT","0 x 1","FLU","2019"
"230","23","CSA","3 x 1","AVA","2019"
"231","24","BOT","3 x 1","GOI","2019"
"232","24","CSA","1 x 0","INT","2019"
"233","24","FOR","2 x 0","CHA","2019"
"234","24","GRE","2 x 1","CEA","2019"
"235","24","BAH","0 x 0","SAO","2019"
"236","24","CRU","0 x 0","FLU","2019"
"237","24","SAN","2 x 0","PAL","2019"
"238","24","AVA","0 x 0","VAS","2019"
"239","24","COR","2 x 2","ATH","2019"
"240","24","FLA","3 x 1","ATL","2019"
"241","25","GOI","1 x 0","CSA","2019"
"242","25","FLU","2 x 0","BAH","2019"
"243","25","PAL","1 x 0","BOT","2019"
"244","25","INT","0 x 0","SAN","2019"
"245","25","CEA","1 x 0","AVA","2019"
"246","25","ATH","0 x 2","FLA","2019"
"247","25","VAS","1 x 0","FOR","2019"
"248","25","SAO","1 x 0","COR","2019"
"249","25","ATL","1 x 4","GRE","2019"
"250","25","CHA","1 x 1","CRU","2019"
"251","26","CSA","2 x 2","ATL","2019"
"252","26","GRE","0 x 1","BAH","2019"
"253","26","FOR","1 x 2","FLA","2019"
"254","26","CRU","1 x 0","SAO","2019"
"255","26","PAL","1 x 0","CHA","2019"
"256","26","GOI","2 x 2","COR","2019"
"257","26","VAS","2 x 1","BOT","2019"
"258","26","AVA","0 x 2","INT","2019"
"259","26","SAN","2 x 1","CEA","2019"
"260","26","FLU","1 x 2","ATH","2019"
"261","27","FOR","2 x 1","GRE","2019"
"262","27","COR","1 x 2","CRU","2019"
"263","27","INT","0 x 1","VAS","2019"
"264","27","SAO","1 x 0","AVA","2019"
"265","27","ATL","2 x 0","SAN","2019"
"266","27","FLA","2 x 0","FLU","2019"
"267","27","ATH","1 x 1","PAL","2019"
"268","27","CHA","2 x 2","GOI","2019"
"269","27","BAH","1 x 2","CEA","2019"
"270","27","BOT","2 x 1","CSA","2019"
"271","28","CEA","1 x 1","VAS","2019"
"272","28","COR","0 x 0","SAN","2019"
"273","28","BAH","2 x 3","INT","2019"
"274","28","FLU","1 x 1","CHA","2019"
"275","28","CRU","1 x 1","FOR","2019"
"276","28","SAO","2 x 0","ATL","2019"
"277","28","ATH","4 x 1","GOI","2019"
"278","28","GRE","3 x 0","BOT","2019"
"279","28","AVA","1 x 2","PAL","2019"
"280","28","FLA","1 x 0","CSA","2019"
"281","29","PAL","3 x 0","SAO","2019"
"282","29","AVA","1 x 3","FOR","2019"
"283","29","ATL","0 x 2","CHA","2019"
"284","29","CEA","2 x 0","FLU","2019"
"285","29","VAS","1 x 3","GRE","2019"
"286","29","CSA","2 x 1","COR","2019"
"287","29","SAN","1 x 0","BAH","2019"
"288","29","GOI","2 x 2","FLA","2019"
"289","29","BOT","0 x 2","CRU","2019"
"290","29","INT","1 x 1","ATH","2019"
"291","30","FOR","2 x 2","ATL","2019"
"292","30","PAL","1 x 0","CEA","2019"
"293","30","FLU","0 x 0","VAS","2019"
"294","30","CHA","0 x 3","SAO","2019"
"295","30","FLA","4 x 1","COR","2019"
"296","30","ATH","1 x 0","CSA","2019"
"297","30","GRE","2 x 0","INT","2019"
"298","30","CRU","1 x 1","BAH","2019"
"299","30","SAN","4 x 1","BOT","2019"
"300","30","GOI","2 x 0","AVA","2019"
"301","31","COR","3 x 2","FOR","2019"
"302","31","ATL","2 x 0","GOI","2019"
"303","31","AVA","1 x 2","SAN","2019"
"304","31","VAS","1 x 2","PAL","2019"
"305","31","BAH","1 x 1","CHA","2019"
"306","31","ATH","0 x 0","CRU","2019"
"307","31","CEA","2 x 0","INT","2019"
"308","31","SAO","0 x 2","FLU","2019"
"309","31","BOT","0 x 1","FLA","2019"
"310","31","GRE","2 x 1","CSA","2019"
"311","32","GOI","0 x 3","SAN","2019"
"312","32","PAL","1 x 1","COR","2019"
"313","32","CRU","0 x 0","ATL","2019"
"314","32","SAO","0 x 1","ATH","2019"
"315","32","INT","2 x 1","FLU","2019"
"316","32","FLA","3 x 1","BAH","2019"
"317","32","FOR","1 x 0","CEA","2019"
"318","32","CHA","0 x 1","GRE","2019"
"319","32","CSA","0 x 3","VAS","2019"
"320","32","BOT","2 x 0","AVA","2019"
"321","33","SAN","1 x 1","SAO","2019"
"322","33","FLU","1 x 1","ATL","2019"
"323","33","GRE","0 x 1","FLA","2019"
"324","33","BAH","1 x 1","PAL","2019"
"325","33","COR","0 x 0","INT","2019"
"326","33","CHA","1 x 0","CEA","2019"
"327","33","ATH","1 x 0","BOT","2019"
"328","33","FOR","3 x 0","CSA","2019"
"329","33","VAS","1 x 1","GOI","2019"
"330","33","CRU","0 x 0","AVA","2019"
"331","34","FLA","4 x 4","VAS","2019"
"332","34","SAN","4 x 1","CRU","2019"
"333","34","GOI","4 x 3","BAH","2019"
"334","34","ATL","0 x 1","ATH","2019"
"335","34","PAL","1 x 2","GRE","2019"
"336","34","BOT","1 x 0","COR","2019"
"337","34","AVA","0 x 1","CHA","2019"
"338","34","INT","2 x 2","FOR","2019"
"339","34","CEA","1 x 1","SAO","2019"
"340","34","CSA","0 x 1","FLU","2019"
"341","35","CHA","0 x 1","BOT","2019"
"342","35","INT","1 x 2","GOI","2019"
"343","35","BAH","1 x 1","ATL","2019"
"344","35","ATH","2 x 0","GRE","2019"
"345","35","COR","3 x 0","AVA","2019"
"346","35","FLA","4 x 1","CEA","2019"
"347","35","FLU","1 x 0","PAL","2019"
"348","35","FOR","2 x 1","SAN","2019"
"349","35","SAO","1 x 0","VAS","2019"
"350","35","CRU","0 x 1","CSA","2019"
"351","36","BOT","0 x 1","INT","2019"
"352","36","CEA","1 x 1","ATH","2019"
"353","36","GOI","1 x 2","FOR","2019"
"354","36","AVA","1 x 1","FLU","2019"
"355","36","PAL","1 x 3","FLA","2019"
"356","36","ATL","2 x 1","COR","2019"
"357","36","CSA","1 x 2","BAH","2019"
"358","36","SAN","2 x 0","CHA","2019"
"359","36","GRE","3 x 0","SAO","2019"
"360","36","VAS","1 x 0","CRU","2019"
"361","37","ATH","1 x 0","SAN","2019"
"362","37","ATL","2 x 0","BOT","2019"
"363","37","CEA","0 x 1","COR","2019"
"364","37","CHA","3 x 0","CSA","2019"
"365","37","SAO","2 x 1","INT","2019"
"366","37","FLU","0 x 0","FOR","2019"
"367","37","PAL","5 x 1","GOI","2019"
"368","37","BAH","1 x 1","VAS","2019"
"369","37","GRE","2 x 0","CRU","2019"
"370","37","FLA","6 x 1","AVA","2019"
"371","38","INT","2 x 1","ATL","2019"
"372","38","CRU","0 x 2","PAL","2019"
"373","38","FOR","2 x 1","BAH","2019"
"374","38","COR","1 x 2","FLU","2019"
"375","38","SAN","4 x 0","FLA","2019"
"376","38","VAS","1 x 1","CHA","2019"
"377","38","BOT","1 x 1","CEA","2019"
"378","38","AVA","0 x 0","ATH","2019"
"379","38","GOI","3 x 2","GRE","2019"
"380","38","CSA","1 x 2","SAO","2019"
"381","1","FOR","0 x 2","ATH","2020"
"382","1","COR","0 x 1","INT","2020"
"383","1","SPO","3 x 2","CEA","2020"
"384","1","FLA","0 x 1","ATL","2020"
"385","1","SAN","1 x 1","RED","2020"
"386","1","GRE","1 x 0","FLU","2020"
"387","1","BOT","1 x 2","BAH","2020"
"388","1","COR","0 x 0","ATL","2020"
"389","1","GOI","0 x 3","SAO","2020"
"390","1","PAL","1 x 1","VAS","2020"
"391","2","RED","1 x 1","BOT","2020"
"392","2","ATH","2 x 1","GOI","2020"
"393","2","ATL","3 x 2","COR","2020"
"394","2","ATL","3 x 0","FLA","2020"
"395","2","BAH","1 x 0","COR","2020"
"396","2","CEA","1 x 1","GRE","2020"
"397","2","FLU","1 x 1","PAL","2020"
"398","2","SAO","1 x 0","FOR","2020"
"399","2","INT","2 x 0","SAN","2020"
"400","2","VAS","2 x 0","SPO","2020"
"401","3","GRE","0 x 0","COR","2020"
"402","3","COR","0 x 1","FLA","2020"
"403","3","PAL","1 x 1","GOI","2020"
"404","3","ATL","2 x 0","CEA","2020"
"405","3","VAS","2 x 1","SAO","2020"
"406","3","BAH","2 x 1","RED","2020"
"407","3","FLU","2 x 1","INT","2020"
"408","3","ATL","1 x 1","SPO","2020"
"409","3","FOR","0 x 0","BOT","2020"
"410","3","SAN","3 x 1","ATH","2020"
"411","4","FLA","1 x 1","GRE","2020"
"412","4","RED","2 x 1","FLU","2020"
"413","4","ATH","0 x 1","PAL","2020"
"414","4","GOI","1 x 3","FOR","2020"
"415","4","INT","3 x 0","ATL","2020"
"416","4","BOT","2 x 1","ATL","2020"
"417","4","COR","3 x 1","COR","2020"
"418","4","SPO","0 x 1","SAN","2020"
"419","4","SAO","1 x 1","BAH","2020"
"420","4","CEA","0 x 3","VAS","2020"
"421","5","ATH","0 x 1","FLU","2020"
"422","5","INT","1 x 0","ATL","2020"
"423","5","GOI","2 x 0","ATL","2020"
"424","5","FLA","1 x 1","BOT","2020"
"425","5","VAS","0 x 0","GRE","2020"
"426","5","PAL","2 x 1","SAN","2020"
"427","5","RED","1 x 2","COR","2020"
"428","5","SPO","0 x 1","SAO","2020"
"429","5","CEA","2 x 0","BAH","2020"
"430","5","COR","1 x 1","FOR","2020"
"431","6","BOT","0 x 2","INT","2020"
"432","6","FLU","2 x 1","VAS","2020"
"433","6","BAH","1 x 1","PAL","2020"
"434","6","FOR","3 x 0","RED","2020"
"435","6","SAO","2 x 1","COR","2020"
"436","6","SAN","0 x 1","FLA","2020"
"437","6","COR","1 x 0","SPO","2020"
"438","6","ATL","0 x 2","CEA","2020"
"439","6","ATL","0 x 2","ATH","2020"
"440","6","GRE","2 x 1","GOI","2020"
"441","7","CEA","1 x 0","FOR","2020"
"442","7","FLU","1 x 1","ATL","2020"
"443","7","GOI","1 x 2","COR","2020"
"444","7","ATH","1 x 1","RED","2020"
"445","7","BAH","3 x 5","FLA","2020"
"446","7","BOT","0 x 0","COR","2020"
"447","7","PAL","1 x 1","INT","2020"
"448","7","SAN","2 x 2","VAS","2020"
"449","7","GRE","1 x 2","SPO","2020"
"450","7","ATL","3 x 0","SAO","2020"
"451","8","FLA","2 x 1","FOR","2020"
"452","8","COR","2 x 2","BOT","2020"
"453","8","CEA","0 x 1","SAN","2020"
"454","8","RED","1 x 2","PAL","2020"
"455","8","INT","2 x 2","BAH","2020"
"456","8","SAO","3 x 1","FLU","2020"
"457","8","VAS","1 x 0","ATH","2020"
"458","8","ATL","1 x 1","GRE","2020"
"459","8","COR","0 x 1","ATL","2020"
"460","8","SPO","2 x 1","GOI","2020"
"461","9","ATH","1 x 1","BOT","2020"
"462","9","GOI","3 x 3","COR","2020"
"463","9","FOR","1 x 0","SPO","2020"
"464","9","SAO","1 x 1","RED","2020"
"465","9","FLU","1 x 2","FLA","2020"
"466","9","SAN","3 x 1","ATL","2020"
"467","9","COR","0 x 2","PAL","2020"
"468","9","INT","2 x 0","CEA","2020"
"469","9","BAH","0 x 2","GRE","2020"
"470","9","VAS","1 x 2","ATL","2020"
"471","10","ATH","1 x 0","COR","2020"
"472","10","SAN","2 x 2","SAO","2020"
"473","10","FLU","2 x 1","COR","2020"
"474","10","GRE","1 x 1","FOR","2020"
"475","10","ATL","2 x 1","RED","2020"
"476","10","BAH","0 x 1","ATL","2020"
"477","10","CEA","2 x 0","FLA","2020"
"478","10","GOI","1 x 0","INT","2020"
"479","10","PAL","2 x 2","SPO","2020"
"480","10","BOT","2 x 3","VAS","2020"
"481","11","SAO","1 x 0","ATH","2020"
"482","11","COR","3 x 2","BAH","2020"
"483","11","FOR","1 x 0","INT","2020"
"484","11","RED","4 x 2","CEA","2020"
"485","11","ATL","3 x 4","ATL","2020"
"486","11","GRE","1 x 1","PAL","2020"
"487","11","COR","1 x 0","VAS","2020"
"488","11","BOT","0 x 0","SAN","2020"
"489","11","SPO","1 x 0","FLU","2020"
"490","11","FLA","2 x 1","GOI","2020"
"491","12","SPO","1 x 0","COR","2020"
"492","12","INT","1 x 1","SAO","2020"
"493","12","ATH","1 x 0","BAH","2020"
"494","12","ATL","3 x 1","GRE","2020"
"495","12","VAS","1 x 1","RED","2020"
"496","12","PAL","1 x 1","FLA","2020"
"497","12","CEA","2 x 2","GOI","2020"
"498","12","ATL","1 x 1","BOT","2020"
"499","12","SAN","1 x 1","FOR","2020"
"500","12","FLU","4 x 0","COR","2020"
"501","13","GRE","1 x 1","INT","2020"
"502","13","PAL","2 x 1","CEA","2020"
"503","13","RED","0 x 0","COR","2020"
"504","13","BOT","1 x 1","FLU","2020"
"505","13","COR","1 x 1","SAO","2020"
"506","13","FLA","3 x 1","ATH","2020"
"507","13","BAH","1 x 2","SPO","2020"
"508","13","FOR","0 x 0","ATL","2020"
"509","13","GOI","2 x 3","SAN","2020"
"510","13","ATL","4 x 1","VAS","2020"
"511","14","COR","1 x 1","SAN","2020"
"512","14","FLA","3 x 0","SPO","2020"
"513","14","BAH","3 x 0","VAS","2020"
"514","14","GRE","2 x 1","COR","2020"
"515","14","SAO","3 x 0","ATL","2020"
"516","14","GOI","2 x 4","FLU","2020"
"517","14","BOT","2 x 1","PAL","2020"
"518","14","FOR","2 x 1","ATL","2020"
"519","14","ATH","0 x 0","CEA","2020"
"520","14","RED","0 x 2","INT","2020"
"521","15","VAS","1 x 2","FLA","2020"
"522","15","PAL","0 x 2","SAO","2020"
"523","15","COR","0 x 0","FOR","2020"
"524","15","ATL","3 x 0","GOI","2020"
"525","15","SAN","2 x 1","GRE","2020"
"526","15","FLU","1 x 0","BAH","2020"
"527","15","ATL","2 x 1","RED","2020"
"528","15","SPO","1 x 2","BOT","2020"
"529","15","INT","2 x 1","ATH","2020"
"530","15","CEA","2 x 1","COR","2020"
"531","16","PAL","1 x 3","COR","2020"
"532","16","GRE","3 x 1","BOT","2020"
"533","16","SAN","0 x 1","ATL","2020"
"534","16","ATH","0 x 1","COR","2020"
"535","16","ATL","1 x 1","FLU","2020"
"536","16","SPO","3 x 5","INT","2020"
"537","16","FLA","1 x 1","RED","2020"
"538","16","GOI","1 x 1","BAH","2020"
"539","16","VAS","0 x 0","FOR","2020"
"540","16","CEA","1 x 1","SAO","2020"
"541","17","ATL","1 x 1","ATH","2020"
"542","17","FLU","2 x 2","CEA","2020"
"543","17","COR","1 x 2","SAN","2020"
"544","17","SAO","0 x 0","GRE","2020"
"545","17","COR","1 x 5","FLA","2020"
"546","17","INT","2 x 0","VAS","2020"
"547","17","RED","2 x 0","SPO","2020"
"548","17","FOR","2 x 0","PAL","2020"
"549","17","BAH","3 x 1","ATL","2020"
"550","17","BOT","0 x 0","GOI","2020"
"551","18","VAS","1 x 2","COR","2020"
"552","18","RED","2 x 0","GOI","2020"
"553","18","CEA","2 x 1","COR","2020"
"554","18","ATL","0 x 0","SPO","2020"
"555","18","ATL","0 x 3","PAL","2020"
"556","18","FLU","3 x 1","SAN","2020"
"557","18","ATH","1 x 2","GRE","2020"
"558","18","INT","2 x 2","FLA","2020"
"559","18","BAH","2 x 1","FOR","2020"
"560","18","SAO","4 x 0","BOT","2020"
"561","19","BOT","2 x 2","CEA","2020"
"562","19","COR","1 x 0","INT","2020"
"563","19","COR","1 x 0","ATL","2020"
"564","19","FOR","0 x 1","FLU","2020"
"565","19","SPO","1 x 0","ATH","2020"
"566","19","FLA","1 x 4","SAO","2020"
"567","19","SAN","3 x 1","BAH","2020"
"568","19","GOI","1 x 1","VAS","2020"
"569","19","PAL","3 x 0","ATL","2020"
"570","19","GRE","2 x 1","RED","2020"
"571","20","ATH","2 x 1","FOR","2020"
"572","20","SAO","2 x 1","GOI","2020"
"573","20","ATL","1 x 1","COR","2020"
"574","20","INT","2 x 2","COR","2020"
"575","20","VAS","0 x 1","PAL","2020"
"576","20","RED","1 x 1","SAN","2020"
"577","20","ATL","4 x 0","FLA","2020"
"578","20","BAH","1 x 0","BOT","2020"
"579","20","CEA","0 x 0","SPO","2020"
"580","20","FLU","0 x 1","GRE","2020"
"581","21","SPO","0 x 2","VAS","2020"
"582","21","SAN","2 x 0","INT","2020"
"583","21","GOI","0 x 1","ATH","2020"
"584","21","GRE","4 x 2","CEA","2020"
"585","21","FOR","2 x 3","SAO","2020"
"586","21","COR","1 x 2","ATL","2020"
"587","21","FLA","1 x 1","ATL","2020"
"588","21","PAL","2 x 0","FLU","2020"
"589","21","COR","1 x 2","BAH","2020"
"590","21","BOT","1 x 2","RED","2020"
"591","22","RED","4 x 0","BAH","2020"
"592","22","ATH","1 x 0","SAN","2020"
"593","22","FLA","3 x 1","COR","2020"
"594","22","GOI","1 x 0","PAL","2020"
"595","22","SAO","1 x 1","VAS","2020"
"596","22","CEA","2 x 2","ATL","2020"
"597","22","BOT","1 x 2","FOR","2020"
"598","22","INT","1 x 2","FLU","2020"
"599","22","COR","0 x 0","GRE","2020"
"600","22","SPO","0 x 1","ATL","2020"
"601","23","ATL","2 x 1","BOT","2020"
"602","23","COR","0 x 1","COR","2020"
"603","23","FOR","1 x 1","GOI","2020"
"604","23","PAL","3 x 0","ATH","2020"
"605","23","SAN","4 x 2","SPO","2020"
"606","23","BAH","1 x 3","SAO","2020"
"607","23","ATL","0 x 0","INT","2020"
"608","23","VAS","1 x 4","CEA","2020"
"609","23","FLU","0 x 0","RED","2020"
"610","23","GRE","2 x 4","FLA","2020"
"611","24","FOR","0 x 0","COR","2020"
"612","24","BOT","0 x 1","FLA","2020"
"613","24","SAN","2 x 2","PAL","2020"
"614","24","FLU","3 x 1","ATH","2020"
"615","24","BAH","0 x 2","CEA","2020"
"616","24","COR","0 x 0","RED","2020"
"617","24","GRE","4 x 0","VAS","2020"
"618","24","SAO","1 x 0","SPO","2020"
"619","24","ATL","2 x 2","INT","2020"
"620","24","ATL","0 x 1","GOI","2020"
"621","25","RED","2 x 1","FOR","2020"
"622","25","ATH","0 x 1","ATL","2020"
"623","25","PAL","3 x 0","BAH","2020"
"624","25","INT","2 x 1","BOT","2020"
"625","25","CEA","1 x 2","ATL","2020"
"626","25","GOI","0 x 0","GRE","2020"
"627","25","FLA","4 x 1","SAN","2020"
"628","25","COR","1 x 0","SAO","2020"
"629","25","SPO","1 x 0","COR","2020"
"630","25","VAS","1 x 1","FLU","2020"
"631","26","SAO","3 x 0","ATL","2020"
"632","26","ATL","2 x 1","FLU","2020"
"633","26","SPO","1 x 1","GRE","2020"
"634","26","INT","2 x 0","PAL","2020"
"635","26","COR","1 x 2","BOT","2020"
"636","26","RED","0 x 1","ATH","2020"
"637","26","VAS","1 x 0","SAN","2020"
"638","26","FLA","4 x 3","BAH","2020"
"639","26","FOR","0 x 2","CEA","2020"
"640","26","COR","2 x 1","GOI","2020"
"641","27","ATL","2 x 0","COR","2020"
"642","27","FOR","0 x 0","FLA","2020"
"643","27","GOI","1 x 0","SPO","2020"
"644","27","FLU","1 x 2","SAO","2020"
"645","27","BOT","0 x 2","COR","2020"
"646","27","BAH","1 x 2","INT","2020"
"647","27","PAL","1 x 0","RED","2020"
"648","27","SAN","1 x 1","CEA","2020"
"649","27","ATH","3 x 0","VAS","2020"
"650","27","GRE","2 x 1","ATL","2020"
"651","28","BOT","0 x 2","ATH","2020"
"652","28","GRE","2 x 1","BAH","2020"
"653","28","COR","1 x 2","GOI","2020"
"654","28","SPO","1 x 0","FOR","2020"
"655","28","FLA","1 x 2","FLU","2020"
"656","28","RED","4 x 2","SAO","2020"
"657","28","CEA","0 x 2","INT","2020"
"658","28","ATL","0 x 0","VAS","2020"
"659","28","PAL","4 x 0","COR","2020"
"660","28","ATL","2 x 0","SAN","2020"
"661","29","COR","0 x 0","ATH","2020"
"662","29","SPO","0 x 1","PAL","2020"
"663","29","FOR","0 x 0","GRE","2020"
"664","29","FLA","0 x 2","CEA","2020"
"665","29","SAO","0 x 1","SAN","2020"
"666","29","INT","1 x 0","GOI","2020"
"667","29","ATL","1 x 1","BAH","2020"
"668","29","VAS","3 x 0","BOT","2020"
"669","29","RED","2 x 2","ATL","2020"
"670","29","COR","5 x 0","FLU","2020"
"671","30","PAL","1 x 1","GRE","2020"
"672","30","FLU","1 x 0","SPO","2020"
"673","30","VAS","0 x 1","COR","2020"
"674","30","SAN","2 x 1","BOT","2020"
"675","30","ATH","1 x 1","SAO","2020"
"676","30","ATL","3 x 1","ATL","2020"
"677","30","INT","4 x 2","FOR","2020"
"678","30","CEA","1 x 2","RED","2020"
"679","30","GOI","0 x 3","FLA","2020"
"680","30","BAH","2 x 1","COR","2020"
"681","31","BOT","1 x 3","ATL","2020"
"682","31","BAH","1 x 0","ATH","2020"
"683","31","GRE","1 x 1","ATL","2020"
"684","31","COR","3 x 3","FLU","2020"
"685","31","SAO","1 x 5","INT","2020"
"686","31","RED","4 x 1","VAS","2020"
"687","31","GOI","0 x 4","CEA","2020"
"688","31","FOR","2 x 0","SAN","2020"
"689","31","FLA","2 x 0","PAL","2020"
"690","31","COR","3 x 0","SPO","2020"
"691","32","SAO","1 x 1","COR","2020"
"692","32","VAS","3 x 2","ATL","2020"
"693","32","ATH","2 x 1","FLA","2020"
"694","32","CEA","2 x 1","PAL","2020"
"695","32","INT","2 x 1","GRE","2020"
"696","32","SPO","2 x 0","BAH","2020"
"697","32","ATL","2 x 0","FOR","2020"
"698","32","SAN","3 x 4","GOI","2020"
"699","32","FLU","2 x 0","BOT","2020"
"700","32","COR","0 x 2","RED","2020"
"701","33","COR","1 x 1","GRE","2020"
"702","33","CEA","0 x 2","ATH","2020"
"703","33","ATL","2 x 1","SAO","2020"
"704","33","VAS","0 x 0","BAH","2020"
"705","33","ATL","2 x 0","FOR","2020"
"706","33","INT","2 x 1","RED","2020"
"707","33","FLU","3 x 0","GOI","2020"
"708","33","SPO","0 x 3","FLA","2020"
"709","33","PAL","1 x 1","BOT","2020"
"710","33","SAN","1 x 0","COR","2020"
"711","34","GRE","3 x 3","SAN","2020"
"712","34","RED","2 x 0","ATL","2020"
"713","34","BAH","0 x 1","FLU","2020"
"714","34","GOI","1 x 0","ATL","2020"
"715","34","COR","2 x 1","CEA","2020"
"716","34","FOR","3 x 1","COR","2020"
"717","34","FLA","2 x 0","VAS","2020"
"718","34","ATH","0 x 0","INT","2020"
"719","34","BOT","0 x 1","SPO","2020"
"720","34","SAO","1 x 1","PAL","2020"
"721","35","BAH","3 x 3","GOI","2020"
"722","35","ATL","1 x 1","SAN","2020"
"723","35","RED","1 x 1","FLA","2020"
"724","35","BOT","2 x 5","GRE","2020"
"725","35","INT","1 x 2","SPO","2020"
"726","35","FOR","3 x 0","VAS","2020"
"727","35","SAO","1 x 1","CEA","2020"
"728","35","COR","3 x 3","ATH","2020"
"729","35","FLU","0 x 0","ATL","2020"
"730","35","COR","1 x 0","PAL","2020"
"731","36","GOI","2 x 0","BOT","2020"
"732","36","ATL","1 x 1","BAH","2020"
"733","36","SAN","2 x 0","COR","2020"
"734","36","VAS","0 x 2","INT","2020"
"735","36","FLA","2 x 1","COR","2020"
"736","36","PAL","3 x 0","FOR","2020"
"737","36","ATH","2 x 1","ATL","2020"
"738","36","GRE","1 x 2","SAO","2020"
"739","36","CEA","1 x 3","FLU","2020"
"740","36","SPO","0 x 0","RED","2020"
"741","37","COR","0 x 2","CEA","2020"
"742","37","FOR","0 x 4","BAH","2020"
"743","37","FLA","2 x 1","INT","2020"
"744","37","COR","0 x 0","VAS","2020"
"745","37","SPO","2 x 3","ATL","2020"
"746","37","SAN","1 x 1","FLU","2020"
"747","37","GRE","1 x 0","ATH","2020"
"748","37","GOI","0 x 0","RED","2020"
"749","37","PAL","1 x 1","ATL","2020"
"750","37","BOT","1 x 0","SAO","2020"
"751","38","FLU","2 x 0","FOR","2020"
"752","38","VAS","3 x 2","GOI","2020"
"753","38","SAO","2 x 1","FLA","2020"
"754","38","RED","1 x 0","GRE","2020"
"755","38","ATL","2 x 0","PAL","2020"
"756","38","INT","0 x 0","COR","2020"
"757","38","BAH","2 x 0","SAN","2020"
"758","38","ATH","2 x 0","SPO","2020"
"759","38","CEA","2 x 1","BOT","2020"
"760","38","ATL","3 x 1","COR","2020"
"761","1","CUI","2 x 2","JUV","2021"
"762","1","BAH","3 x 0","SAN","2021"
"763","1","SAO","0 x 0","FLU","2021"
"764","1","ATL","1 x 2","FOR","2021"
"765","1","FLA","1 x 0","PAL","2021"
"766","1","CEA","3 x 2","GRE","2021"
"767","1","CHA","0 x 3","RED","2021"
"768","1","COR","0 x 1","ATL","2021"
"769","1","ATH","1 x 0","AME","2021"
"770","1","INT","2 x 2","SPO","2021"
"771","2","ATL","2 x 0","SAO","2021"
"772","2","RED","3 x 3","BAH","2021"
"773","2","SAN","3 x 1","CEA","2021"
"774","2","FLU","1 x 0","CUI","2021"
"775","2","AME","0 x 1","COR","2021"
"776","2","FOR","5 x 1","INT","2021"
"777","2","PAL","3 x 1","CHA","2021"
"778","2","JUV","0 x 3","ATH","2021"
"779","2","SPO","0 x 1","ATL","2021"
"780","2","GRE","2 x 2","FLA","2021"
"781","3","PAL","1 x 1","COR","2021"
"782","3","SAN","0 x 0","JUV","2021"
"783","3","FLA","2 x 0","AME","2021"
"784","3","ATL","1 x 0","SAO","2021"
"785","3","GRE","0 x 1","ATH","2021"
"786","3","RED","2 x 2","FLU","2021"
"787","3","CHA","0 x 0","CEA","2021"
"788","3","BAH","0 x 1","INT","2021"
"789","3","FOR","1 x 0","SPO","2021"
"790","3","CUI","2 x 1","ATL","2021"
"791","4","SAO","1 x 1","CHA","2021"
"792","4","INT","0 x 1","ATL","2021"
"793","4","COR","1 x 2","RED","2021"
"794","4","JUV","0 x 3","PAL","2021"
"795","4","CEA","1 x 2","BAH","2021"
"796","4","AME","0 x 0","CUI","2021"
"797","4","ATL","0 x 0","FOR","2021"
"798","4","FLU","1 x 0","SAN","2021"
"799","4","SPO","1 x 0","GRE","2021"
"800","4","ATH","2 x 2","FLA","2021"
"801","5","FLA","2 x 3","RED","2021"
"802","5","PAL","2 x 1","AME","2021"
"803","5","INT","1 x 1","CEA","2021"
"804","5","BAH","0 x 0","COR","2021"
"805","5","ATH","2 x 1","ATL","2021"
"806","5","SAN","2 x 0","SAO","2021"
"807","5","FOR","1 x 1","FLU","2021"
"808","5","JUV","1 x 0","SPO","2021"
"809","5","ATL","1 x 1","CHA","2021"
"810","5","CUI","0 x 1","GRE","2021"
"811","6","FLA","2 x 1","FOR","2021"
"812","6","SAO","2 x 2","CUI","2021"
"813","6","RED","3 x 1","PAL","2021"
"814","6","ATL","1 x 0","FLU","2021"
"815","6","AME","1 x 1","JUV","2021"
"816","6","COR","2 x 1","SPO","2021"
"817","6","CEA","2 x 1","ATL","2021"
"818","6","CHA","1 x 2","INT","2021"
"819","6","GRE","2 x 2","SAN","2021"
"820","6","BAH","2 x 1","ATH","2021"
"821","7","JUV","1 x 0","FLA","2021"
"822","7","FLU","1 x 1","COR","2021"
"823","7","GRE","0 x 0","FOR","2021"
"824","7","PAL","3 x 2","BAH","2021"
"825","7","ATH","2 x 2","CHA","2021"
"826","7","AME","1 x 1","INT","2021"
"827","7","SAN","2 x 0","ATL","2021"
"828","7","CEA","1 x 1","SAO","2021"
"829","7","SPO","0 x 0","CUI","2021"
"830","7","ATL","0 x 1","RED","2021"
"831","8","FOR","3 x 2","CHA","2021"
"832","8","FLU","1 x 4","ATH","2021"
"833","8","BAH","3 x 4","AME","2021"
"834","8","INT","1 x 2","PAL","2021"
"835","8","SAN","0 x 0","SPO","2021"
"836","8","COR","0 x 0","SAO","2021"
"837","8","JUV","2 x 0","GRE","2021"
"838","8","RED","0 x 0","CEA","2021"
"839","8","ATL","4 x 1","ATL","2021"
"840","8","CUI","0 x 2","FLA","2021"
"841","9","AME","2 x 0","SAN","2021"
"842","9","ATH","2 x 1","FOR","2021"
"843","9","COR","1 x 1","INT","2021"
"844","9","CHA","0 x 2","BAH","2021"
"845","9","SPO","0 x 1","PAL","2021"
"846","9","FLA","0 x 1","FLU","2021"
"847","9","SAO","1 x 2","RED","2021"
"848","9","CEA","2 x 0","JUV","2021"
"849","9","CUI","0 x 1","ATL","2021"
"850","9","GRE","0 x 1","ATL","2021"
"851","10","SAN","2 x 1","ATH","2021"
"852","10","RED","1 x 1","CUI","2021"
"853","10","BAH","1 x 0","JUV","2021"
"854","10","FOR","4 x 0","AME","2021"
"855","10","PAL","2 x 0","GRE","2021"
"856","10","ATL","2 x 1","FLA","2021"
"857","10","ATL","1 x 1","SPO","2021"
"858","10","FLU","0 x 0","CEA","2021"
"859","10","INT","0 x 2","SAO","2021"
"860","10","CHA","0 x 1","COR","2021"
"861","11","PAL","3 x 2","SAN","2021"
"862","11","GRE","0 x 0","INT","2021"
"863","11","ATH","2 x 2","RED","2021"
"864","11","SAO","1 x 0","BAH","2021"
"865","11","AME","0 x 1","ATL","2021"
"866","11","SPO","1 x 2","FLU","2021"
"867","11","JUV","1 x 1","ATL","2021"
"868","11","FLA","2 x 1","CHA","2021"
"869","11","CUI","2 x 2","CEA","2021"
"870","11","FOR","1 x 0","COR","2021"
"871","12","CEA","1 x 0","ATH","2021"
"872","12","SAO","0 x 1","FOR","2021"
"873","12","COR","1 x 2","ATL","2021"
"874","12","FLU","0 x 1","GRE","2021"
"875","12","CHA","2 x 3","CUI","2021"
"876","12","ATL","0 x 3","PAL","2021"
"877","12","BAH","0 x 5","FLA","2021"
"878","12","INT","1 x 0","JUV","2021"
"879","12","RED","2 x 2","SAN","2021"
"880","12","AME","0 x 1","SPO","2021"
"881","13","GRE","1 x 1","AME","2021"
"882","13","PAL","1 x 0","FLU","2021"
"883","13","ATL","3 x 0","BAH","2021"
"884","13","FOR","1 x 0","RED","2021"
"885","13","FLA","5 x 1","SAO","2021"
"886","13","ATH","2 x 1","INT","2021"
"887","13","SAN","0 x 1","ATL","2021"
"888","13","SPO","0 x 0","CEA","2021"
"889","13","JUV","1 x 0","CHA","2021"
"890","13","CUI","1 x 2","COR","2021"
"891","14","SAO","0 x 0","PAL","2021"
"892","14","INT","0 x 0","CUI","2021"
"893","14","RED","1 x 0","GRE","2021"
"894","14","COR","1 x 3","FLA","2021"
"895","14","ATL","2 x 0","ATH","2021"
"896","14","CHA","0 x 1","SAN","2021"
"897","14","BAH","0 x 1","SPO","2021"
"898","14","ATL","1 x 1","AME","2021"
"899","14","CEA","3 x 1","FOR","2021"
"900","14","FLU","1 x 1","JUV","2021"
"901","15","SPO","0 x 0","RED","2021"
"902","15","ATH","1 x 2","SAO","2021"
"903","15","PAL","2 x 3","FOR","2021"
"904","15","CUI","1 x 1","BAH","2021"
"905","15","AME","1 x 0","FLU","2021"
"906","15","JUV","1 x 2","ATL","2021"
"907","15","SAN","0 x 0","COR","2021"
"908","15","FLA","0 x 4","INT","2021"
"909","15","CEA","0 x 0","ATL","2021"
"910","15","GRE","2 x 1","CHA","2021"
"911","16","RED","1 x 2","JUV","2021"
"912","16","ATL","2 x 0","PAL","2021"
"913","16","SAO","2 x 1","GRE","2021"
"914","16","FLA","2 x 0","SPO","2021"
"915","16","COR","3 x 1","CEA","2021"
"916","16","FOR","1 x 1","SAN","2021"
"917","16","BAH","1 x 2","ATL","2021"
"918","16","CUI","1 x 0","ATH","2021"
"919","16","INT","4 x 2","FLU","2021"
"920","16","CHA","1 x 1","AME","2021"
"921","17","ATL","1 x 1","CHA","2021"
"922","17","GRE","2 x 0","BAH","2021"
"923","17","JUV","1 x 1","FOR","2021"
"924","17","PAL","0 x 2","CUI","2021"
"925","17","CEA","1 x 1","FLA","2021"
"926","17","ATH","0 x 1","COR","2021"
"927","17","SAN","2 x 2","INT","2021"
"928","17","SPO","0 x 1","SAO","2021"
"929","17","AME","0 x 2","RED","2021"
"930","17","FLU","1 x 1","ATL","2021"
"931","18","SPO","0 x 0","CHA","2021"
"932","18","SAN","0 x 4","FLA","2021"
"933","18","GRE","0 x 1","COR","2021"
"934","18","PAL","2 x 1","ATH","2021"
"935","18","AME","2 x 0","CEA","2021"
"936","18","JUV","1 x 1","SAO","2021"
"937","18","ATL","0 x 0","INT","2021"
"938","18","RED","1 x 1","ATL","2021"
"939","18","FLU","2 x 0","BAH","2021"
"940","18","FOR","0 x 0","CUI","2021"
"941","19","BAH","4 x 2","FOR","2021"
"942","19","CUI","2 x 1","SAN","2021"
"943","19","ATH","0 x 0","SPO","2021"
"944","19","COR","1 x 1","JUV","2021"
"945","19","CHA","1 x 2","FLU","2021"
"946","19","SAO","0 x 0","AME","2021"
"947","19","CEA","1 x 2","PAL","2021"
"948","19","INT","1 x 1","RED","2021"
"949","19","ATL","2 x 1","GRE","2021"
"950","19","FLA","2 x 0","ATL","2021"
"951","20","AME","2 x 0","ATH","2021"
"952","20","JUV","1 x 2","CUI","2021"
"953","20","RED","1 x 2","CHA","2021"
"954","20","SAN","0 x 0","BAH","2021"
"955","20","GRE","2 x 0","CEA","2021"
"956","20","FOR","0 x 2","ATL","2021"
"957","20","PAL","1 x 3","FLA","2021"
"958","20","ATL","1 x 1","COR","2021"
"959","20","FLU","2 x 1","SAO","2021"
"960","20","SPO","0 x 1","INT","2021"
"961","21","CHA","0 x 2","PAL","2021"
"962","21","ATH","2 x 1","JUV","2021"
"963","21","ATL","3 x 0","SPO","2021"
"964","21","BAH","1 x 1","RED","2021"
"965","21","CEA","0 x 0","SAN","2021"
"966","21","INT","1 x 0","FOR","2021"
"967","21","SAO","2 x 1","ATL","2021"
"968","21","COR","1 x 1","AME","2021"
"969","21","FLA","0 x 1","GRE","2021"
"970","21","CUI","2 x 2","FLU","2021"
"971","22","CEA","1 x 0","CHA","2021"
"972","22","COR","2 x 1","PAL","2021"
"973","22","SAO","0 x 0","ATL","2021"
"974","22","AME","1 x 1","FLA","2021"
"975","22","JUV","3 x 0","SAN","2021"
"976","22","FLU","2 x 1","RED","2021"
"977","22","INT","2 x 0","BAH","2021"
"978","22","ATH","4 x 2","GRE","2021"
"979","22","SPO","0 x 1","FOR","2021"
"980","22","ATL","0 x 0","CUI","2021"
"981","23","CUI","0 x 2","AME","2021"
"982","23","FOR","0 x 3","ATL","2021"
"983","23","RED","2 x 2","COR","2021"
"984","23","ATL","1 x 0","INT","2021"
"985","23","CHA","1 x 1","SAO","2021"
"986","23","FLA","3 x 0","ATH","2021"
"987","23","PAL","1 x 1","JUV","2021"
"988","23","GRE","1 x 2","SPO","2021"
"989","23","BAH","1 x 1","CEA","2021"
"990","23","SAN","2 x 0","FLU","2021"
"991","24","COR","3 x 1","BAH","2021"
"992","24","CEA","0 x 0","INT","2021"
"993","24","SPO","3 x 1","JUV","2021"
"994","24","ATL","0 x 2","ATH","2021"
"995","24","CHA","2 x 2","ATL","2021"
"996","24","RED","1 x 1","FLA","2021"
"997","24","AME","2 x 1","PAL","2021"
"998","24","FLU","0 x 2","FOR","2021"
"999","24","GRE","2 x 2","CUI","2021"
"1000","24","SAO","1 x 1","SAN","2021"
"1001","25","FLU","0 x 0","ATL","2021"
"1002","25","SPO","1 x 0","COR","2021"
"1003","25","ATL","3 x 1","CEA","2021"
"1004","25","ATH","0 x 2","BAH","2021"
"1005","25","FOR","0 x 3","FLA","2021"
"1006","25","PAL","2 x 4","RED","2021"
"1007","25","JUV","1 x 1","AME","2021"
"1008","25","INT","5 x 2","CHA","2021"
"1009","25","SAN","1 x 0","GRE","2021"
"1010","25","CUI","0 x 0","SAO","2021"
"1011","26","RED","1 x 0","ATL","2021"
"1012","26","BAH","0 x 0","PAL","2021"
"1013","26","CHA","1 x 1","ATH","2021"
"1014","26","FLA","3 x 1","JUV","2021"
"1015","26","ATL","3 x 1","SAN","2021"
"1016","26","FOR","1 x 0","GRE","2021"
"1017","26","COR","1 x 0","FLU","2021"
"1018","26","INT","3 x 1","AME","2021"
"1019","26","CUI","1 x 0","SPO","2021"
"1020","26","SAO","1 x 1","CEA","2021"
"1021","27","CHA","1 x 2","FOR","2021"
"1022","27","AME","0 x 0","BAH","2021"
"1023","27","PAL","1 x 0","INT","2021"
"1024","27","ATH","0 x 1","FLU","2021"
"1025","27","GRE","3 x 2","JUV","2021"
"1026","27","ATL","2 x 1","ATL","2021"
"1027","27","CEA","2 x 2","RED","2021"
"1028","27","SPO","0 x 0","SAN","2021"
"1029","27","FLA","0 x 0","CUI","2021"
"1030","27","SAO","1 x 0","COR","2021"
"1031","28","SAN","0 x 2","AME","2021"
"1032","28","JUV","0 x 0","CEA","2021"
"1033","28","FLU","3 x 1","FLA","2021"
"1034","28","FOR","3 x 0","ATH","2021"
"1035","28","ATL","2 x 1","CUI","2021"
"1036","28","INT","2 x 2","COR","2021"
"1037","28","RED","1 x 0","SAO","2021"
"1038","28","BAH","3 x 0","CHA","2021"
"1039","28","ATL","2 x 0","GRE","2021"
"1040","28","PAL","2 x 1","SPO","2021"
"1041","29","ATH","0 x 1","SAN","2021"
"1042","29","FLA","1 x 0","ATL","2021"
"1043","29","JUV","0 x 0","BAH","2021"
"1044","29","AME","2 x 1","FOR","2021"
"1045","29","CEA","1 x 0","FLU","2021"
"1046","29","GRE","1 x 3","PAL","2021"
"1047","29","SAO","1 x 0","INT","2021"
"1048","29","SPO","2 x 0","ATL","2021"
"1049","29","CUI","1 x 0","RED","2021"
"1050","29","COR","1 x 0","CHA","2021"
"1051","30","COR","1 x 0","FOR","2021"
"1052","30","INT","1 x 0","GRE","2021"
"1053","30","FLU","1 x 0","SPO","2021"
"1054","30","SAN","0 x 2","PAL","2021"
"1055","30","ATL","1 x 0","AME","2021"
"1056","30","RED","0 x 2","ATH","2021"
"1057","30","BAH","1 x 0","SAO","2021"
"1058","30","CEA","1 x 0","CUI","2021"
"1059","30","CHA","2 x 2","FLA","2021"
"1060","30","ATL","1 x 1","JUV","2021"
"1061","31","CUI","0 x 0","CHA","2021"
"1062","31","GRE","1 x 0","FLU","2021"
"1063","31","ATH","2 x 1","CEA","2021"
"1064","31","SAN","2 x 0","RED","2021"
"1065","31","ATL","3 x 0","COR","2021"
"1066","31","PAL","4 x 0","ATL","2021"
"1067","31","FOR","1 x 1","SAO","2021"
"1068","31","SPO","2 x 3","AME","2021"
"1069","31","JUV","2 x 1","INT","2021"
"1070","31","FLA","3 x 0","BAH","2021"
"1071","32","ATL","0 x 0","SAN","2021"
"1072","32","AME","3 x 1","GRE","2021"
"1073","32","INT","2 x 1","ATH","2021"
"1074","32","RED","3 x 0","FOR","2021"
"1075","32","COR","3 x 2","CUI","2021"
"1076","32","SAO","0 x 4","FLA","2021"
"1077","32","FLU","2 x 1","PAL","2021"
"1078","32","CEA","2 x 1","SPO","2021"
"1079","32","CHA","0 x 2","JUV","2021"
"1080","32","BAH","2 x 3","ATL","2021"
"1081","33","ATH","0 x 1","ATL","2021"
"1082","33","GRE","3 x 0","RED","2021"
"1083","33","CUI","1 x 0","INT","2021"
"1084","33","SAN","2 x 0","CHA","2021"
"1085","33","AME","0 x 0","ATL","2021"
"1086","33","FOR","0 x 4","CEA","2021"
"1087","33","PAL","0 x 2","SAO","2021"
"1088","33","JUV","1 x 0","FLU","2021"
"1089","33","FLA","1 x 0","COR","2021"
"1090","33","SPO","1 x 0","BAH","2021"
"1091","34","RED","3 x 0","SPO","2021"
"1092","34","ATL","2 x 0","JUV","2021"
"1093","34","FOR","1 x 0","PAL","2021"
"1094","34","CHA","1 x 3","GRE","2021"
"1095","34","ATL","1 x 1","CEA","2021"
"1096","34","INT","1 x 2","FLA","2021"
"1097","34","COR","2 x 0","SAN","2021"
"1098","34","FLU","2 x 0","AME","2021"
"1099","34","BAH","0 x 0","CUI","2021"
"1100","34","SAO","0 x 0","ATH","2021"
"1101","35","PAL","2 x 2","ATL","2021"
"1102","35","FLU","1 x 0","INT","2021"
"1103","35","SAN","2 x 0","FOR","2021"
"1104","35","CEA","2 x 1","COR","2021"
"1105","35","ATL","2 x 1","BAH","2021"
"1106","35","JUV","1 x 0","RED","2021"
"1107","35","AME","3 x 0","CHA","2021"
"1108","35","GRE","3 x 0","SAO","2021"
"1109","35","ATH","1 x 0","CUI","2021"
"1110","35","SPO","1 x 1","FLA","2021"
"1111","36","BAH","3 x 1","GRE","2021"
"1112","36","RED","1 x 1","AME","2021"
"1113","36","SAO","2 x 0","SPO","2021"
"1114","36","COR","1 x 0","ATH","2021"
"1115","36","ATL","2 x 1","FLU","2021"
"1116","36","INT","1 x 1","SAN","2021"
"1117","36","FLA","2 x 1","CEA","2021"
"1118","36","CUI","1 x 3","PAL","2021"
"1119","36","CHA","0 x 1","ATL","2021"
"1120","36","FOR","1 x 0","JUV","2021"
"1121","37","COR","1 x 1","GRE","2021"
"1122","37","ATL","4 x 3","RED","2021"
"1123","37","BAH","2 x 0","FLU","2021"
"1124","37","CEA","0 x 0","AME","2021"
"1125","37","ATH","0 x 0","PAL","2021"
"1126","37","SAO","3 x 1","JUV","2021"
"1127","37","CUI","1 x 0","FOR","2021"
"1128","37","FLA","0 x 1","SAN","2021"
"1129","37","INT","1 x 2","ATL","2021"
"1130","37","CHA","0 x 1","SPO","2021"
"1131","38","FLU",NA,"CHA","2021"
"1132","38","PAL",NA,"CEA","2021"
"1133","38","SAN",NA,"CUI","2021"
"1134","38","AME",NA,"SAO","2021"
"1135","38","GRE",NA,"ATL","2021"
"1136","38","FOR",NA,"BAH","2021"
"1137","38","SPO",NA,"ATH","2021"
"1138","38","RED",NA,"INT","2021"
"1139","38","JUV",NA,"COR","2021"
"1140","38","ATL",NA,"FLA","2021"
